"1","default","0","general/region/display_all","1"
"2","default","0","general/region/state_required","AT,CA,EE,FI,FR,DE,LV,LT,RO,ES,CH,US"
"3","default","0","catalog/category/root_id","2"
"4","default","0","admin/dashboard/enable_charts","1"
"5","default","0","web/unsecure/base_url","http://stage.devstore.summitbodyworks.com/"
"6","default","0","web/secure/base_url","http://stage.devstore.summitbodyworks.com/"
"7","default","0","general/locale/code","en_US"
"8","default","0","general/locale/timezone","America/Denver"
"9","default","0","currency/options/base","USD"
"10","default","0","currency/options/default","USD"
"11","default","0","currency/options/allow","USD"
"12","default","0","design/package/name","sbw"
"13","default","0","design/package/ua_regexp","a:0:{}"
"14","default","0","design/theme/locale",NULL
"15","default","0","design/theme/template","sbw-theme"
"16","default","0","design/theme/template_ua_regexp","a:0:{}"
"17","default","0","design/theme/skin","sbw-theme"
"18","default","0","design/theme/skin_ua_regexp","a:0:{}"
"19","default","0","design/theme/layout","sbw-theme"
"20","default","0","design/theme/layout_ua_regexp","a:0:{}"
"21","default","0","design/theme/default","sbw-theme"
"22","default","0","design/theme/default_ua_regexp","a:0:{}"
"23","default","0","design/head/default_title","Summit Bodyworks"
"24","default","0","design/head/title_prefix","Summit Bodyworks"
"25","default","0","design/head/title_suffix",NULL
"26","default","0","design/head/default_description","Default Description"
"27","default","0","design/head/default_keywords","Magento, Varien, E-commerce"
"28","default","0","design/head/default_robots","INDEX,FOLLOW"
"29","default","0","design/head/includes",NULL
"30","default","0","design/head/demonotice","0"
"31","default","0","design/header/logo_src","images/summit-logo.png"
"32","default","0","design/header/logo_alt","Summit Bodyworks"
"33","default","0","design/header/welcome",NULL
"34","default","0","design/footer/copyright","&copy; 2012 Magento Demo Store. All Rights Reserved."
"35","default","0","design/footer/absolute_footer",NULL
"36","default","0","design/watermark/image_size",NULL
"37","default","0","design/watermark/image_imageOpacity",NULL
"38","default","0","design/watermark/image_position","stretch"
"39","default","0","design/watermark/small_image_size",NULL
"40","default","0","design/watermark/small_image_imageOpacity",NULL
"41","default","0","design/watermark/small_image_position","stretch"
"42","default","0","design/watermark/thumbnail_size",NULL
"43","default","0","design/watermark/thumbnail_imageOpacity",NULL
"44","default","0","design/watermark/thumbnail_position","stretch"
"45","default","0","design/pagination/pagination_frame","5"
"46","default","0","design/pagination/pagination_frame_skip",NULL
"47","default","0","design/pagination/anchor_text_for_previous",NULL
"48","default","0","design/pagination/anchor_text_for_next",NULL
"49","default","0","design/email/logo_alt",NULL
"51","stores","2","design/header/logo_src","images/summit-logo.png"
"52","default","0","cataloginventory/options/can_subtract","0"
"53","default","0","cataloginventory/options/can_back_in_stock","1"
"54","default","0","cataloginventory/options/show_out_of_stock","0"
"55","default","0","cataloginventory/options/stock_threshold_qty","0"
"56","default","0","cataloginventory/item_options/manage_stock","0"
"57","default","0","cataloginventory/item_options/backorders","0"
"58","default","0","cataloginventory/item_options/max_sale_qty","10000"
"59","default","0","cataloginventory/item_options/min_qty","0"
"60","default","0","cataloginventory/item_options/min_sale_qty","a:0:{}"
"61","default","0","cataloginventory/item_options/notify_stock_qty","1"
"62","default","0","cataloginventory/item_options/enable_qty_increments","0"
"63","default","0","cataloginventory/item_options/auto_return","0"
"64","default","0","catalog/frontend/list_mode","grid-list"
"65","default","0","catalog/frontend/grid_per_page_values","9,15,30"
"66","default","0","catalog/frontend/grid_per_page","9"
"67","default","0","catalog/frontend/list_per_page_values","5,10,15,20,25"
"68","default","0","catalog/frontend/list_per_page","10"
"69","default","0","catalog/frontend/list_allow_all","0"
"70","default","0","catalog/frontend/default_sort_by","position"
"71","default","0","catalog/frontend/flat_catalog_category","0"
"72","default","0","catalog/frontend/flat_catalog_product","0"
"73","default","0","catalog/frontend/parse_url_directives","1"
"74","default","0","catalog/sitemap/tree_mode","0"
"75","default","0","catalog/sitemap/lines_perpage","30"
"76","default","0","catalog/review/allow_guest","0"
"77","default","0","catalog/productalert/allow_price","0"
"78","default","0","catalog/productalert/email_price_template","catalog_productalert_email_price_template"
"79","default","0","catalog/productalert/allow_stock","0"
"80","default","0","catalog/productalert/email_stock_template","catalog_productalert_email_stock_template"
"81","default","0","catalog/productalert/email_identity","general"
"82","default","0","catalog/productalert_cron/frequency","D"
"83","default","0","crontab/jobs/catalog_product_alert/schedule/cron_expr","0 0 * * *"
"84","default","0","crontab/jobs/catalog_product_alert/run/model","productalert/observer::process"
"85","default","0","catalog/productalert_cron/time","00,00,00"
"86","default","0","catalog/productalert_cron/error_email",NULL
"87","default","0","catalog/productalert_cron/error_email_identity","general"
"88","default","0","catalog/productalert_cron/error_email_template","catalog_productalert_cron_error_email_template"
"89","default","0","catalog/recently_products/scope","website"
"90","default","0","catalog/recently_products/viewed_count","5"
"91","default","0","catalog/recently_products/compared_count","5"
"92","default","0","catalog/price/scope","0"
"93","default","0","catalog/layered_navigation/display_product_count","1"
"94","default","0","catalog/layered_navigation/price_range_calculation","auto"
"95","default","0","catalog/navigation/max_depth","0"
"96","default","0","catalog/seo/site_map","1"
"97","default","0","catalog/seo/search_terms","1"
"98","default","0","catalog/seo/product_url_suffix",".html"
"99","default","0","catalog/seo/category_url_suffix",".html"
"100","default","0","catalog/seo/product_use_categories","1"
"101","default","0","catalog/seo/save_rewrites_history","1"
"102","default","0","catalog/seo/title_separator","-"
"103","default","0","catalog/seo/category_canonical_tag","0"
"104","default","0","catalog/seo/product_canonical_tag","0"
"105","default","0","catalog/search/min_query_length","1"
"106","default","0","catalog/search/max_query_length","128"
"107","default","0","catalog/search/max_query_words","10"
"108","default","0","catalog/search/search_type","1"
"109","default","0","catalog/search/use_layered_navigation_count","2000"
"110","default","0","catalog/downloadable/order_item_status","9"
"111","default","0","catalog/downloadable/downloads_number","0"
"112","default","0","catalog/downloadable/shareable","0"
"113","default","0","catalog/downloadable/samples_title","Samples"
"114","default","0","catalog/downloadable/links_title","Links"
"115","default","0","catalog/downloadable/links_target_new_window","1"
"116","default","0","catalog/downloadable/content_disposition","inline"
"117","default","0","catalog/downloadable/disable_guest_checkout","1"
"118","default","0","catalog/custom_options/use_calendar","0"
"119","default","0","catalog/custom_options/date_fields_order","m,d,y"
"120","default","0","catalog/custom_options/time_format","12h"
"121","default","0","catalog/custom_options/year_range",","
"122","default","0","catalog/placeholder/image_placeholder","default/image.png"
"123","default","0","catalog/placeholder/small_image_placeholder","default/small_image.png"
"124","default","0","catalog/placeholder/thumbnail_placeholder","default/thumbnail.png"
"125","default","0","paypal/general/merchant_country","US"
"126","default","0","payment/payflow_advanced/partner","PayPal"
"127","default","0","payment/payflow_advanced/vendor","PayPal"
"128","default","0","payment/payflow_advanced/user","PayPal"
"129","default","0","payment/payflow_advanced/pwd",NULL
"130","default","0","payment/payflow_advanced/sandbox_flag","0"
"131","default","0","payment/payflow_advanced/use_proxy","0"
"132","default","0","paypal/general/business_account","paypal@transwest.com"
"133","default","0","paypal/wpp/api_authentication","0"
"134","default","0","paypal/wpp/api_username",NULL
"135","default","0","paypal/wpp/api_password",NULL
"136","default","0","paypal/wpp/api_signature",NULL
"137","default","0","paypal/wpp/sandbox_flag","0"
"138","default","0","paypal/wpp/use_proxy","0"
"139","default","0","payment/payflow_advanced/active","0"
"140","default","0","payment/payflow_advanced/title","Credit Card"
"141","default","0","payment/payflow_advanced/sort_order",NULL
"142","default","0","payment/payflow_advanced/payment_action","Authorization"
"143","default","0","payment/payflow_advanced/allowspecific","0"
"144","default","0","payment/payflow_advanced/debug","0"
"145","default","0","payment/payflow_advanced/verify_peer","1"
"146","default","0","payment/payflow_advanced/csc_editable","1"
"147","default","0","payment/payflow_advanced/csc_required","1"
"148","default","0","payment/payflow_advanced/email_confirmation","0"
"149","default","0","payment/payflow_advanced/url_method","GET"
"150","default","0","payment/paypal_billing_agreement/active","1"
"151","default","0","payment/paypal_billing_agreement/title","PayPal Billing Agreement"
"152","default","0","payment/paypal_billing_agreement/sort_order",NULL
"153","default","0","payment/paypal_billing_agreement/payment_action","Authorization"
"154","default","0","payment/paypal_billing_agreement/allowspecific","0"
"155","default","0","payment/paypal_billing_agreement/debug","0"
"156","default","0","payment/paypal_billing_agreement/verify_peer","1"
"157","default","0","payment/paypal_billing_agreement/line_items_enabled","0"
"158","default","0","payment/paypal_billing_agreement/allow_billing_agreement_wizard","1"
"159","default","0","paypal/fetch_reports/ftp_login",NULL
"160","default","0","paypal/fetch_reports/ftp_password",NULL
"161","default","0","paypal/fetch_reports/ftp_sandbox","0"
"162","default","0","paypal/fetch_reports/ftp_ip",NULL
"163","default","0","paypal/fetch_reports/ftp_path",NULL
"164","default","0","paypal/fetch_reports/active","0"
"165","default","0","paypal/fetch_reports/schedule","1"
"166","default","0","paypal/fetch_reports/time","00,00,00"
"167","default","0","paypal/style/logo",NULL
"168","default","0","paypal/style/page_style",NULL
"169","default","0","paypal/style/paypal_hdrimg",NULL
"170","default","0","paypal/style/paypal_hdrbackcolor",NULL
"171","default","0","paypal/style/paypal_hdrbordercolor",NULL
"172","default","0","paypal/style/paypal_payflowcolor",NULL
"173","default","0","payment/paypal_express/title","PayPal Express Checkout"
"174","default","0","payment/paypal_express/sort_order",NULL
"175","default","0","payment/paypal_express/payment_action","Authorization"
"176","default","0","payment/paypal_express/visible_on_cart","1"
"177","default","0","payment/paypal_express/visible_on_product","1"
"178","default","0","payment/paypal_express/allowspecific","0"
"179","default","0","payment/paypal_express/debug","0"
"180","default","0","payment/paypal_express/verify_peer","1"
"181","default","0","payment/paypal_express/line_items_enabled","1"
"182","default","0","payment/paypal_express/transfer_shipping_options","0"
"183","default","0","paypal/wpp/button_flavor","dynamic"
"184","default","0","payment/paypal_express/solution_type","Mark"
"185","default","0","payment/paypal_express/require_billing_address","0"
"186","default","0","payment/paypal_express/allow_ba_signup","never"
"187","default","0","payment/paypal_direct/active","0"
"188","default","0","payment/paypal_direct/title","PayPal Payments Pro"
"189","default","0","payment/paypal_direct/sort_order",NULL
"190","default","0","payment/paypal_direct/payment_action","Authorization"
"191","default","0","payment/paypal_direct/cctypes","VI,MC"
"192","default","0","payment/paypal_direct/allowspecific","0"
"193","default","0","payment/paypal_direct/debug","0"
"194","default","0","payment/paypal_direct/verify_peer","1"
"195","default","0","payment/paypal_direct/line_items_enabled","0"
"196","default","0","payment/paypal_direct/useccv","1"
"197","default","0","payment/paypal_direct/centinel","0"
"198","default","0","payment/paypal_standard/active","1"
"199","default","0","payment/paypal_standard/title","PayPal"
"200","default","0","payment/paypal_standard/sort_order","1"
"201","default","0","payment/paypal_standard/payment_action","Sale"
"202","default","0","payment/paypal_standard/allowspecific","0"
"203","default","0","payment/paypal_standard/sandbox_flag","1"
"204","default","0","payment/paypal_standard/line_items_enabled","1"
"205","default","0","payment/paypal_standard/debug","1"
"206","default","0","payment/paypal_standard/verify_peer","1"
"207","default","0","payment/verisign/partner",NULL
"208","default","0","payment/verisign/user",NULL
"209","default","0","payment/verisign/vendor",NULL
"210","default","0","payment/verisign/pwd",NULL
"211","default","0","payment/verisign/sandbox_flag","0"
"212","default","0","payment/verisign/use_proxy","0"
"213","default","0","payment/verisign/active","0"
"214","default","0","payment/verisign/title","Payflow Pro"
"215","default","0","payment/verisign/sort_order",NULL
"216","default","0","payment/verisign/payment_action","Authorization"
"217","default","0","payment/verisign/cctypes","AE,VI"
"218","default","0","payment/verisign/allowspecific","0"
"219","default","0","payment/verisign/debug","0"
"220","default","0","payment/verisign/verify_peer","1"
"221","default","0","payment/verisign/useccv","1"
"222","default","0","payment/verisign/centinel","0"
"223","default","0","payment/paypaluk_express/active","0"
"224","default","0","payment/paypaluk_express/title","PayPal Express Checkout Payflow Edition"
"225","default","0","payment/paypaluk_express/sort_order",NULL
"226","default","0","payment/paypaluk_express/payment_action","Authorization"
"227","default","0","payment/paypaluk_express/visible_on_cart","1"
"228","default","0","payment/paypaluk_express/visible_on_product","1"
"229","default","0","payment/paypaluk_express/allowspecific","0"
"230","default","0","payment/paypaluk_express/debug","0"
"231","default","0","payment/paypaluk_express/verify_peer","1"
"232","default","0","payment/paypaluk_express/line_items_enabled","1"
"233","default","0","payment/payflow_link/partner",NULL
"234","default","0","payment/payflow_link/vendor",NULL
"235","default","0","payment/payflow_link/user",NULL
"236","default","0","payment/payflow_link/pwd",NULL
"237","default","0","payment/payflow_link/sandbox_flag","0"
"238","default","0","payment/payflow_link/use_proxy","0"
"239","default","0","payment/payflow_link/active","0"
"240","default","0","payment/paypal_express/active","0"
"241","default","0","payment/payflow_link/title","Credit Card"
"242","default","0","payment/payflow_link/sort_order",NULL
"243","default","0","payment/payflow_link/payment_action","Authorization"
"244","default","0","payment/payflow_link/allowspecific","0"
"245","default","0","payment/payflow_link/debug","0"
"246","default","0","payment/payflow_link/verify_peer","1"
"247","default","0","payment/payflow_link/csc_editable","1"
"248","default","0","payment/payflow_link/csc_required","1"
"249","default","0","payment/payflow_link/email_confirmation","0"
"250","default","0","payment/payflow_link/url_method","GET"
"251","default","0","payment/ccsave/active","0"
"252","default","0","payment/ccsave/title","Credit Card (saved)"
"253","default","0","payment/ccsave/order_status","pending"
"254","default","0","payment/ccsave/cctypes","AE,VI,MC,DI"
"255","default","0","payment/ccsave/useccv","0"
"256","default","0","payment/ccsave/centinel","0"
"257","default","0","payment/ccsave/allowspecific","0"
"258","default","0","payment/ccsave/min_order_total",NULL
"259","default","0","payment/ccsave/max_order_total",NULL
"260","default","0","payment/ccsave/sort_order",NULL
"261","default","0","payment/checkmo/active","0"
"262","default","0","payment/checkmo/title","Check / Money order"
"263","default","0","payment/checkmo/order_status","pending"
"264","default","0","payment/checkmo/allowspecific","0"
"265","default","0","payment/checkmo/payable_to",NULL
"266","default","0","payment/checkmo/mailing_address",NULL
"267","default","0","payment/checkmo/min_order_total",NULL
"268","default","0","payment/checkmo/max_order_total",NULL
"269","default","0","payment/checkmo/sort_order",NULL
"270","default","0","payment/free/title","No Payment Information Required"
"271","default","0","payment/free/active","0"
"272","default","0","payment/free/order_status","pending"
"273","default","0","payment/free/allowspecific","0"
"274","default","0","payment/free/sort_order","1"
"275","default","0","payment/banktransfer/active","0"
"276","default","0","payment/banktransfer/title","Bank Transfer Payment"
"277","default","0","payment/banktransfer/order_status","pending"
"278","default","0","payment/banktransfer/allowspecific","0"
"279","default","0","payment/banktransfer/instructions",NULL
"280","default","0","payment/banktransfer/min_order_total",NULL
"281","default","0","payment/banktransfer/max_order_total",NULL
"282","default","0","payment/banktransfer/sort_order",NULL
"283","default","0","payment/cashondelivery/active","0"
"284","default","0","payment/cashondelivery/title","Cash On Delivery"
"285","default","0","payment/cashondelivery/order_status","pending"
"286","default","0","payment/cashondelivery/allowspecific","0"
"287","default","0","payment/cashondelivery/instructions",NULL
"288","default","0","payment/cashondelivery/min_order_total",NULL
"289","default","0","payment/cashondelivery/max_order_total",NULL
"290","default","0","payment/cashondelivery/sort_order",NULL
"291","default","0","payment/purchaseorder/active","0"
"292","default","0","payment/purchaseorder/title","Purchase Order"
"293","default","0","payment/purchaseorder/order_status","pending"
"294","default","0","payment/purchaseorder/allowspecific","0"
"295","default","0","payment/purchaseorder/min_order_total",NULL
"296","default","0","payment/purchaseorder/max_order_total",NULL
"297","default","0","payment/purchaseorder/sort_order",NULL
"298","default","0","payment/authorizenet_directpost/active","0"
"299","default","0","payment/authorizenet_directpost/payment_action","authorize"
"300","default","0","payment/authorizenet_directpost/title","Credit Card Direct Post (Authorize.net)"
"301","default","0","payment/authorizenet_directpost/login",NULL
"302","default","0","payment/authorizenet_directpost/trans_key",NULL
"303","default","0","payment/authorizenet_directpost/trans_md5",NULL
"304","default","0","payment/authorizenet_directpost/order_status","processing"
"305","default","0","payment/authorizenet_directpost/test","1"
"306","default","0","payment/authorizenet_directpost/cgi_url","https://secure.authorize.net/gateway/transact.dll"
"307","default","0","payment/authorizenet_directpost/currency","USD"
"308","default","0","payment/authorizenet_directpost/debug","0"
"309","default","0","payment/authorizenet_directpost/email_customer","0"
"310","default","0","payment/authorizenet_directpost/merchant_email",NULL
"311","default","0","payment/authorizenet_directpost/cctypes","AE,VI,MC,DI"
"312","default","0","payment/authorizenet_directpost/useccv","0"
"313","default","0","payment/authorizenet_directpost/allowspecific","0"
"314","default","0","payment/authorizenet_directpost/min_order_total",NULL
"315","default","0","payment/authorizenet_directpost/max_order_total",NULL
"316","default","0","payment/authorizenet_directpost/sort_order",NULL
"317","default","0","payment/authorizenet/active","0"
"318","default","0","payment/authorizenet/title","Credit Card (Authorize.net)"
"319","default","0","payment/authorizenet/login",NULL
"320","default","0","payment/authorizenet/payment_action","authorize"
"321","default","0","payment/authorizenet/trans_key",NULL
"322","default","0","payment/authorizenet/order_status","processing"
"323","default","0","payment/authorizenet/test","1"
"324","default","0","payment/authorizenet/cgi_url","https://secure.authorize.net/gateway/transact.dll"
"325","default","0","payment/authorizenet/currency","USD"
"326","default","0","payment/authorizenet/debug","0"
"327","default","0","payment/authorizenet/email_customer","0"
"328","default","0","payment/authorizenet/merchant_email",NULL
"329","default","0","payment/authorizenet/cctypes","AE,VI,MC,DI"
"330","default","0","payment/authorizenet/useccv","0"
"331","default","0","payment/authorizenet/allowspecific","0"
"332","default","0","payment/authorizenet/min_order_total",NULL
"333","default","0","payment/authorizenet/max_order_total",NULL
"334","default","0","payment/authorizenet/sort_order",NULL
"335","default","0","payment/authorizenet/allow_partial_authorization","0"
"336","default","0","payment/authorizenet/centinel","0"
"339","default","0","general/country/default","US"
"340","default","0","general/country/allow","AF,AL,DZ,AS,AD,AO,AI,AQ,AG,AR,AM,AW,AU,AT,AZ,BS,BH,BD,BB,BY,BE,BZ,BJ,BM,BT,BO,BA,BW,BV,BR,IO,VG,BN,BG,BF,BI,KH,CM,CA,CV,KY,CF,TD,CL,CN,CX,CC,CO,KM,CG,CK,CR,CI,HR,CU,CY,CZ,DK,DJ,DM,DO,EC,EG,SV,GQ,ER,EE,ET,FK,FO,FJ,FI,FR,GF,PF,TF,GA,GM,GE,DE,GH,GI,GR,GL,GD,GP,GU,GT,GN,GW,GY,HT,HM,HN,HK,HU,IS,IN,ID,IR,IQ,IE,IL,IT,JM,JP,JO,KZ,KE,KI,KW,KG,LA,LV,LB,LS,LR,LY,LI,LT,LU,MO,MK,MG,MW,MY,MV,ML,MT,MH,MQ,MR,MU,YT,MX,FM,MD,MC,MN,MS,MA,MZ,MM,NA,NR,NP,NL,AN,NC,NZ,NI,NE,NG,NU,NF,MP,KP,NO,OM,PK,PW,PA,PG,PY,PE,PH,PN,PL,PT,PR,QA,RE,RO,RU,RW,SH,KN,LC,PM,VC,WS,SM,ST,SA,SN,SC,SL,SG,SK,SI,SB,SO,ZA,GS,KR,ES,LK,SD,SR,SJ,SZ,SE,CH,SY,TW,TJ,TZ,TH,TL,TG,TK,TO,TT,TN,TR,TM,TC,TV,UG,UA,AE,GB,US,UY,UM,VI,UZ,VU,VA,VE,VN,WF,EH,YE,ZM,ZW"
"341","default","0","general/country/optional_zip_countries","HK,IE,MO,PA"
"342","default","0","general/country/eu_countries","AT,BE,BG,CY,CZ,DK,EE,FI,FR,DE,GR,HU,IE,IT,LV,LT,LU,MT,NL,PL,PT,RO,SK,SI,ES,SE,GB"
"343","default","0","general/locale/firstday","0"
"344","default","0","general/locale/weekend","0,6"
"345","default","0","general/store_information/name",NULL
"346","default","0","general/store_information/phone",NULL
"347","default","0","general/store_information/merchant_country",NULL
"348","default","0","general/store_information/merchant_vat_number",NULL
"349","default","0","general/store_information/address",NULL
"350","default","0","trans_email/ident_general/name","Summit Bodyworks"
"351","default","0","trans_email/ident_general/email","allen@commercekitchen.com"
"352","default","0","trans_email/ident_sales/name","Summit Bodyworks"
"353","default","0","trans_email/ident_sales/email","allen@commercekitchen.com"
"354","default","0","trans_email/ident_support/name","Summit Bodyworks"
"355","default","0","trans_email/ident_support/email","allen@commercekitchen.com"
"356","default","0","trans_email/ident_custom1/name","Custom 1"
"357","default","0","trans_email/ident_custom1/email","custom1@example.com"
"358","default","0","trans_email/ident_custom2/name","Customer Inquiry"
"359","default","0","trans_email/ident_custom2/email","allen@commercekitchen.com"
"360","default","0","contacts/contacts/enabled","1"
"361","default","0","contacts/email/recipient_email","nvandusen@transwest.com"
"362","default","0","contacts/email/sender_email_identity","custom2"
"363","default","0","contacts/email/email_template","contacts_email_email_template"
"364","default","0","sendfriend/email/enabled","1"
"365","default","0","sendfriend/email/template","sendfriend_email_template"
"366","default","0","sendfriend/email/allow_guest","0"
"367","default","0","sendfriend/email/max_recipients","5"
"368","default","0","sendfriend/email/max_per_hour","5"
"369","default","0","sendfriend/email/check_by","1"
"370","default","0","sales/general/hide_customer_ip","0"
"371","default","0","sales/totals_sort/subtotal","10"
"372","default","0","sales/totals_sort/discount","20"
"373","default","0","sales/totals_sort/shipping","30"
"374","default","0","sales/totals_sort/weee","50"
"375","default","0","sales/totals_sort/tax","40"
"376","default","0","sales/totals_sort/grand_total","100"
"377","default","0","sales/reorder/allow","1"
"378","default","0","sales/identity/address",NULL
"379","default","0","sales/minimum_order/active","0"
"380","default","0","sales/minimum_order/amount","25"
"381","default","0","sales/minimum_order/description","Your order subtotal must be at least $25 to continue checkout."
"382","default","0","sales/minimum_order/error_message","Does not meet minimum order amount"
"383","default","0","sales/minimum_order/multi_address","0"
"384","default","0","sales/minimum_order/multi_address_description",NULL
"385","default","0","sales/minimum_order/multi_address_error_message",NULL
"386","default","0","sales/dashboard/use_aggregated_data","0"
"387","default","0","sales/gift_options/allow_order","0"
"388","default","0","sales/gift_options/allow_items","0"
"389","default","0","sales/msrp/enabled","0"
"390","default","0","sales/msrp/apply_for_all","0"
"391","default","0","sales/msrp/display_price_type","1"
"392","default","0","sales/msrp/explanation_message","Our price is lower than the manufacturer's ""minimum advertised price.""  As a result, we cannot show you the price in catalog or the product page. <br /><br /> You have no obligation to purchase the product once you know the price. You can simply remove the item from your cart."
"393","default","0","sales/msrp/explanation_message_whats_this","Our price is lower than the manufacturer's ""minimum advertised price.""  As a result, we cannot show you the price in catalog or the product page. <br /><br /> You have no obligation to purchase the product once you know the price. You can simply remove the item from your cart."
"394","default","0","sales_email/order/enabled","1"
"395","default","0","sales_email/order/identity","sales"
"396","default","0","sales_email/order/template","sales_email_order_template"
"397","default","0","sales_email/order/guest_template","sales_email_order_guest_template"
"398","default","0","sales_email/order/copy_to","shelly@commercekitchen.com"
"399","default","0","sales_email/order/copy_method","bcc"
"400","default","0","sales_email/order_comment/enabled","1"
"401","default","0","sales_email/order_comment/identity","sales"
"402","default","0","sales_email/order_comment/template","sales_email_order_comment_template"
"403","default","0","sales_email/order_comment/guest_template","sales_email_order_comment_guest_template"
"404","default","0","sales_email/order_comment/copy_to","shelly@commercekitchen.com"
"405","default","0","sales_email/order_comment/copy_method","bcc"
"406","default","0","sales_email/invoice/enabled","1"
"407","default","0","sales_email/invoice/identity","sales"
"408","default","0","sales_email/invoice/template","sales_email_invoice_template"
"409","default","0","sales_email/invoice/guest_template","sales_email_invoice_guest_template"
"410","default","0","sales_email/invoice/copy_to","shelly@commercekitchen.com"
"411","default","0","sales_email/invoice/copy_method","bcc"
"412","default","0","sales_email/invoice_comment/enabled","1"
"413","default","0","sales_email/invoice_comment/identity","sales"
"414","default","0","sales_email/invoice_comment/template","sales_email_invoice_comment_template"
"415","default","0","sales_email/invoice_comment/guest_template","sales_email_invoice_comment_guest_template"
"416","default","0","sales_email/invoice_comment/copy_to","shelly@commercekitchen.com"
"417","default","0","sales_email/invoice_comment/copy_method","bcc"
"418","default","0","sales_email/shipment/enabled","1"
"419","default","0","sales_email/shipment/identity","sales"
"420","default","0","sales_email/shipment/template","sales_email_shipment_template"
"421","default","0","sales_email/shipment/guest_template","sales_email_shipment_guest_template"
"422","default","0","sales_email/shipment/copy_to","shelly@commercekitchen.com"
"423","default","0","sales_email/shipment/copy_method","bcc"
"424","default","0","sales_email/shipment_comment/enabled","1"
"425","default","0","sales_email/shipment_comment/identity","sales"
"426","default","0","sales_email/shipment_comment/template","sales_email_shipment_comment_template"
"427","default","0","sales_email/shipment_comment/guest_template","sales_email_shipment_comment_guest_template"
"428","default","0","sales_email/shipment_comment/copy_to","shelly@commercekitchen.com"
"429","default","0","sales_email/shipment_comment/copy_method","bcc"
"430","default","0","sales_email/creditmemo/enabled","1"
"431","default","0","sales_email/creditmemo/identity","sales"
"432","default","0","sales_email/creditmemo/template","sales_email_creditmemo_template"
"433","default","0","sales_email/creditmemo/guest_template","sales_email_creditmemo_guest_template"
"434","default","0","sales_email/creditmemo/copy_to","shelly@commercekitchen.com"
"435","default","0","sales_email/creditmemo/copy_method","bcc"
"436","default","0","sales_email/creditmemo_comment/enabled","0"
"437","default","0","sales_email/creditmemo_comment/identity","sales"
"438","default","0","sales_email/creditmemo_comment/template","sales_email_creditmemo_comment_template"
"439","default","0","sales_email/creditmemo_comment/guest_template","sales_email_creditmemo_comment_guest_template"
"440","default","0","sales_email/creditmemo_comment/copy_to","shelly@commercekitchen.com"
"441","default","0","sales_email/creditmemo_comment/copy_method","bcc"
"442","default","0","shipping/origin/country_id","US"
"443","default","0","shipping/origin/region_id","13"
"444","default","0","shipping/origin/postcode","80030"
"445","default","0","shipping/origin/city","Commerce City"
"446","default","0","shipping/origin/street_line1",NULL
"447","default","0","shipping/origin/street_line2",NULL
"448","default","0","shipping/option/checkout_multiple","0"
"449","default","0","shipping/option/checkout_multiple_maximum_qty","100"
"450","default","0","advanced/modules_disable_output/Mage_Admin","0"
"451","default","0","advanced/modules_disable_output/Mage_AdminNotification","0"
"452","default","0","advanced/modules_disable_output/Mage_Api","0"
"453","default","0","advanced/modules_disable_output/Mage_Api2","0"
"454","default","0","advanced/modules_disable_output/Mage_Authorizenet","0"
"455","default","0","advanced/modules_disable_output/Mage_Backup","0"
"456","default","0","advanced/modules_disable_output/Mage_Bundle","0"
"457","default","0","advanced/modules_disable_output/Mage_Captcha","0"
"458","default","0","advanced/modules_disable_output/Mage_Catalog","0"
"459","default","0","advanced/modules_disable_output/Mage_CatalogIndex","0"
"460","default","0","advanced/modules_disable_output/Mage_CatalogInventory","0"
"461","default","0","advanced/modules_disable_output/Mage_CatalogRule","0"
"462","default","0","advanced/modules_disable_output/Mage_CatalogSearch","0"
"463","default","0","advanced/modules_disable_output/Mage_Centinel","0"
"464","default","0","advanced/modules_disable_output/Mage_Checkout","0"
"465","default","0","advanced/modules_disable_output/Mage_Cms","0"
"466","default","0","advanced/modules_disable_output/Mage_Compiler","0"
"467","default","0","advanced/modules_disable_output/Mage_Connect","0"
"468","default","0","advanced/modules_disable_output/Mage_Contacts","0"
"469","default","0","advanced/modules_disable_output/Mage_Core","0"
"470","default","0","advanced/modules_disable_output/Mage_Cron","0"
"471","default","0","advanced/modules_disable_output/Mage_CurrencySymbol","0"
"472","default","0","advanced/modules_disable_output/Mage_Customer","0"
"473","default","0","advanced/modules_disable_output/Mage_Dataflow","0"
"474","default","0","advanced/modules_disable_output/Mage_Directory","0"
"475","default","0","advanced/modules_disable_output/Mage_Downloadable","0"
"476","default","0","advanced/modules_disable_output/Mage_Eav","0"
"477","default","0","advanced/modules_disable_output/Mage_GiftMessage","0"
"478","default","0","advanced/modules_disable_output/Mage_GoogleAnalytics","0"
"479","default","0","advanced/modules_disable_output/Mage_GoogleCheckout","0"
"480","default","0","advanced/modules_disable_output/Mage_ImportExport","0"
"481","default","0","advanced/modules_disable_output/Mage_Index","0"
"482","default","0","advanced/modules_disable_output/Mage_Install","0"
"483","default","0","advanced/modules_disable_output/Mage_Log","0"
"484","default","0","advanced/modules_disable_output/Mage_Media","0"
"485","default","0","advanced/modules_disable_output/Mage_Newsletter","0"
"486","default","0","advanced/modules_disable_output/Mage_Oauth","0"
"487","default","0","advanced/modules_disable_output/Mage_Page","0"
"488","default","0","advanced/modules_disable_output/Mage_PageCache","0"
"489","default","0","advanced/modules_disable_output/Mage_Paygate","0"
"490","default","0","advanced/modules_disable_output/Mage_Payment","0"
"491","default","0","advanced/modules_disable_output/Mage_Paypal","0"
"492","default","0","advanced/modules_disable_output/Mage_PaypalUk","0"
"493","default","0","advanced/modules_disable_output/Mage_Persistent","0"
"494","default","0","advanced/modules_disable_output/Mage_Poll","0"
"495","default","0","advanced/modules_disable_output/Mage_ProductAlert","0"
"496","default","0","advanced/modules_disable_output/Mage_Rating","0"
"497","default","0","advanced/modules_disable_output/Mage_Reports","0"
"498","default","0","advanced/modules_disable_output/Mage_Review","0"
"499","default","0","advanced/modules_disable_output/Mage_Rss","0"
"500","default","0","advanced/modules_disable_output/Mage_Rule","0"
"501","default","0","advanced/modules_disable_output/Mage_Sales","0"
"502","default","0","advanced/modules_disable_output/Mage_SalesRule","0"
"503","default","0","advanced/modules_disable_output/Mage_Sendfriend","0"
"504","default","0","advanced/modules_disable_output/Mage_Shipping","0"
"505","default","0","advanced/modules_disable_output/Mage_Sitemap","0"
"506","default","0","advanced/modules_disable_output/Mage_Tag","1"
"507","default","0","advanced/modules_disable_output/Mage_Tax","0"
"508","default","0","advanced/modules_disable_output/Mage_Usa","0"
"509","default","0","advanced/modules_disable_output/Mage_Weee","0"
"510","default","0","advanced/modules_disable_output/Mage_Widget","0"
"511","default","0","advanced/modules_disable_output/Mage_Wishlist","0"
"512","default","0","advanced/modules_disable_output/Mage_XmlConnect","0"
"513","default","0","advanced/modules_disable_output/Phoenix_Moneybookers","0"
"514","default","0","design/head/shortcut_icon","default/favicon_sbw2.ico"
"515","default","0","carriers/flatrate/active","0"
"516","default","0","carriers/flatrate/title","Flat Rate"
"517","default","0","carriers/flatrate/name","Fixed"
"518","default","0","carriers/flatrate/type","I"
"519","default","0","carriers/flatrate/price","5.00"
"520","default","0","carriers/flatrate/handling_type","F"
"521","default","0","carriers/flatrate/handling_fee","5.00"
"522","default","0","carriers/flatrate/specificerrmsg","This shipping method is currently unavailable. If you would like to ship using this shipping method, please contact us."
"523","default","0","carriers/flatrate/sallowspecific","0"
"524","default","0","carriers/flatrate/specificcountry",NULL
"525","default","0","carriers/flatrate/showmethod","0"
"526","default","0","carriers/flatrate/sort_order",NULL
"527","default","0","carriers/tablerate/active","0"
"528","default","0","carriers/tablerate/title","Best Way"
"529","default","0","carriers/tablerate/name","Table Rate"
"530","default","0","carriers/tablerate/condition_name","package_weight"
"531","default","0","carriers/tablerate/include_virtual_price","1"
"532","default","0","carriers/tablerate/handling_type","F"
"533","default","0","carriers/tablerate/handling_fee",NULL
"534","default","0","carriers/tablerate/specificerrmsg","This shipping method is currently unavailable. If you would like to ship using this shipping method, please contact us."
"535","default","0","carriers/tablerate/sallowspecific","0"
"536","default","0","carriers/tablerate/specificcountry",NULL
"537","default","0","carriers/tablerate/showmethod","0"
"538","default","0","carriers/tablerate/sort_order",NULL
"539","default","0","carriers/freeshipping/active","0"
"540","default","0","carriers/freeshipping/title","Free Shipping"
"541","default","0","carriers/freeshipping/name","Free"
"542","default","0","carriers/freeshipping/free_shipping_subtotal",NULL
"543","default","0","carriers/freeshipping/specificerrmsg","This shipping method is currently unavailable. If you would like to ship using this shipping method, please contact us."
"544","default","0","carriers/freeshipping/sallowspecific","0"
"545","default","0","carriers/freeshipping/specificcountry",NULL
"546","default","0","carriers/freeshipping/showmethod","0"
"547","default","0","carriers/freeshipping/sort_order",NULL
"548","default","0","carriers/ups/active","0"
"549","default","0","carriers/ups/type","UPS"
"550","default","0","carriers/ups/password",NULL
"551","default","0","carriers/ups/access_license_number",NULL
"552","default","0","carriers/ups/username",NULL
"553","default","0","carriers/ups/mode_xml","1"
"554","default","0","carriers/ups/gateway_xml_url","https://onlinetools.ups.com/ups.app/xml/Rate"
"555","default","0","carriers/ups/origin_shipment","Shipments Originating in United States"
"556","default","0","carriers/ups/negotiated_active","0"
"557","default","0","carriers/ups/title","United Parcel Service"
"558","default","0","carriers/ups/gateway_url","http://www.ups.com/using/services/rave/qcostcgi.cgi"
"559","default","0","carriers/ups/shipment_requesttype","0"
"560","default","0","carriers/ups/container","CP"
"561","default","0","carriers/ups/shipper_number",NULL
"562","default","0","carriers/ups/dest_type","RES"
"563","default","0","carriers/ups/unit_of_measure","LBS"
"564","default","0","carriers/ups/tracking_xml_url","https://www.ups.com/ups.app/xml/Track"
"565","default","0","carriers/ups/max_package_weight","150"
"566","default","0","carriers/ups/pickup","CC"
"567","default","0","carriers/ups/min_package_weight","0.1"
"568","default","0","carriers/ups/handling_type","F"
"569","default","0","carriers/ups/handling_action","O"
"570","default","0","carriers/ups/handling_fee",NULL
"571","default","0","carriers/ups/allowed_methods","1DM,1DML,1DA,1DAL,1DAPI,1DP,1DPL,2DM,2DML,2DA,2DAL,3DS,GND,GNDCOM,GNDRES,STD,XPR,WXS,XPRL,XDM,XDML,XPD"
"572","default","0","carriers/ups/free_method","GND"
"573","default","0","carriers/ups/free_shipping_enable","0"
"574","default","0","carriers/ups/free_shipping_subtotal",NULL
"575","default","0","carriers/ups/specificerrmsg","This shipping method is currently unavailable. If you would like to ship using this shipping method, please contact us."
"576","default","0","carriers/ups/sallowspecific","0"
"577","default","0","carriers/ups/specificcountry",NULL
"578","default","0","carriers/ups/showmethod","0"
"579","default","0","carriers/ups/debug","0"
"580","default","0","carriers/ups/sort_order",NULL
"581","default","0","carriers/usps/active","0"
"582","default","0","carriers/usps/gateway_url","http://production.shippingapis.com/ShippingAPI.dll"
"583","default","0","carriers/usps/gateway_secure_url","https://secure.shippingapis.com/ShippingAPI.dll"
"584","default","0","carriers/usps/title","United States Postal Service"
"585","default","0","carriers/usps/userid",NULL
"586","default","0","carriers/usps/password",NULL
"587","default","0","carriers/usps/mode","0"
"588","default","0","carriers/usps/shipment_requesttype","0"
"589","default","0","carriers/usps/container","VARIABLE"
"590","default","0","carriers/usps/size","REGULAR"
"591","default","0","carriers/usps/machinable","true"
"592","default","0","carriers/usps/max_package_weight","70"
"593","default","0","carriers/usps/handling_type","F"
"594","default","0","carriers/usps/handling_action","O"
"595","default","0","carriers/usps/handling_fee",NULL
"596","default","0","carriers/usps/allowed_methods","Bound Printed Matter,Express Mail,Express Mail Flat Rate Envelope,Express Mail Flat Rate Envelope Hold For Pickup,Express Mail Flat-Rate Envelope Sunday/Holiday Guarantee,Express Mail Hold For Pickup,Express Mail International,Express Mail International Flat Rate Envelope,Express Mail PO to PO,Express Mail Sunday/Holiday Guarantee,First-Class Mail International Large Envelope,First-Class Mail International Letters,First-Class Mail International Package,First-Class Mail International Parcel,First-Class,First-Class Mail,First-Class Mail Flat,First-Class Mail Large Envelope,First-Class Mail International,First-Class Mail Letter,First-Class Mail Parcel,First-Class Mail Package,Global Express Guaranteed (GXG),Global Express Guaranteed Non-Document Non-Rectangular,Global Express Guaranteed Non-Document Rectangular,Library Mail,Media Mail,Parcel Post,Priority Mail,Priority Mail Small Flat Rate Box,Priority Mail Medium Flat Rate Box,Priority Mail Large Flat Rate Box,Priority Mail Flat Rate Box,Priority Mail Flat Rate Envelope,Priority Mail International,Priority Mail International Flat Rate Box,Priority Mail International Flat Rate Envelope,Priority Mail International Small Flat Rate Box,Priority Mail International Medium Flat Rate Box,Priority Mail International Large Flat Rate Box,USPS GXG Envelopes"
"597","default","0","carriers/usps/free_method",NULL
"598","default","0","carriers/usps/free_shipping_subtotal",NULL
"599","default","0","carriers/usps/specificerrmsg","This shipping method is currently unavailable. If you would like to ship using this shipping method, please contact us."
"600","default","0","carriers/usps/sallowspecific","0"
"601","default","0","carriers/usps/specificcountry",NULL
"602","default","0","carriers/usps/debug","0"
"603","default","0","carriers/usps/showmethod","0"
"604","default","0","carriers/usps/sort_order",NULL
"605","default","0","carriers/usps/free_shipping_enable","0"
"606","default","0","carriers/fedex/active","1"
"607","default","0","carriers/fedex/title","Federal Express"
"608","default","0","carriers/fedex/account","XSuLf6kM34UBRRTadOhmfg=="
"609","default","0","carriers/fedex/meter_number","TPMaGR6ZatpiGL+kY//2Dw=="
"610","default","0","carriers/fedex/key","Eu+CXFCWZUfixybmVrz1TQ=="
"611","default","0","carriers/fedex/password","+wN4xga52JzQ4mN9N9/wSMW4xJSgneIb4EHHNlzf9Ww="
"612","default","0","carriers/fedex/sandbox_mode","1"
"613","default","0","carriers/fedex/shipment_requesttype","0"
"614","default","0","carriers/fedex/packaging","YOUR_PACKAGING"
"615","default","0","carriers/fedex/dropoff","REGULAR_PICKUP"
"616","default","0","carriers/fedex/max_package_weight","150"
"617","default","0","carriers/fedex/handling_type","F"
"618","default","0","carriers/fedex/handling_action","P"
"619","default","0","carriers/fedex/handling_fee","5.00"
"620","default","0","carriers/fedex/residence_delivery","1"
"621","default","0","carriers/fedex/allowed_methods","FEDEX_EXPRESS_SAVER,FEDEX_GROUND,FIRST_OVERNIGHT,GROUND_HOME_DELIVERY"
"622","default","0","carriers/fedex/smartpost_hubid",NULL
"623","default","0","carriers/fedex/free_method",NULL
"624","default","0","carriers/fedex/free_shipping_enable","0"
"625","default","0","carriers/fedex/free_shipping_subtotal",NULL
"626","default","0","carriers/fedex/specificerrmsg","This shipping method is currently unavailable. If you would like to ship using this shipping method, please contact us."
"627","default","0","carriers/fedex/sallowspecific","1"
"628","default","0","carriers/fedex/specificcountry","US"
"629","default","0","carriers/fedex/debug","0"
"630","default","0","carriers/fedex/showmethod","0"
"631","default","0","carriers/fedex/sort_order",NULL
"632","default","0","carriers/dhl/active","0"
"633","default","0","carriers/dhl/gateway_url","https://eCommerce.airborne.com/ApiLandingTest.asp"
"634","default","0","carriers/dhl/title","DHL (Deprecated)"
"635","default","0","carriers/dhl/id",NULL
"636","default","0","carriers/dhl/password",NULL
"637","default","0","carriers/dhl/account",NULL
"638","default","0","carriers/dhl/shipping_key",NULL
"639","default","0","carriers/dhl/shipping_intlkey",NULL
"640","default","0","carriers/dhl/shipment_requesttype","0"
"641","default","0","carriers/dhl/shipment_type","P"
"642","default","0","carriers/dhl/handling_type","F"
"643","default","0","carriers/dhl/handling_action","O"
"644","default","0","carriers/dhl/contentdesc","Big Box"
"645","default","0","carriers/dhl/handling_fee",NULL
"646","default","0","carriers/dhl/max_package_weight","150"
"647","default","0","carriers/dhl/dutiable","0"
"648","default","0","carriers/dhl/dutypaymenttype","R"
"649","default","0","carriers/dhl/allowed_methods","IE,E SAT,E 10:30AM,E,N,S,G"
"650","default","0","carriers/dhl/specificerrmsg","This shipping method is currently unavailable. If you would like to ship using this shipping method, please contact us."
"651","default","0","carriers/dhl/free_method","G"
"652","default","0","carriers/dhl/free_shipping_enable","0"
"653","default","0","carriers/dhl/free_shipping_subtotal",NULL
"654","default","0","carriers/dhl/additional_protection_enabled","0"
"655","default","0","carriers/dhl/additional_protection_min_value",NULL
"656","default","0","carriers/dhl/additional_protection_use_subtotal","0"
"657","default","0","carriers/dhl/additional_protection_value",NULL
"658","default","0","carriers/dhl/additional_protection_rounding","0"
"659","default","0","carriers/dhl/hazardous_materials","0"
"660","default","0","carriers/dhl/default_length",NULL
"661","default","0","carriers/dhl/default_width",NULL
"662","default","0","carriers/dhl/default_height",NULL
"663","default","0","carriers/dhl/shipment_days","1,2,3,4,5,6"
"664","default","0","carriers/dhl/intl_shipment_days","1,2,3,4,5"
"665","default","0","carriers/dhl/sallowspecific","0"
"666","default","0","carriers/dhl/specificcountry",NULL
"667","default","0","carriers/dhl/showmethod","0"
"668","default","0","carriers/dhl/debug","0"
"669","default","0","carriers/dhl/sort_order",NULL
"670","default","0","carriers/dhlint/active","0"
"671","default","0","carriers/dhlint/title","DHL"
"672","default","0","carriers/dhlint/gateway_url","https://xmlpi-ea.dhl.com/XMLShippingServlet"
"673","default","0","carriers/dhlint/id",NULL
"674","default","0","carriers/dhlint/password",NULL
"675","default","0","carriers/dhlint/account",NULL
"676","default","0","carriers/dhlint/content_type","D"
"677","default","0","carriers/dhlint/handling_type","F"
"678","default","0","carriers/dhlint/handling_action","O"
"679","default","0","carriers/dhlint/handling_fee",NULL
"680","default","0","carriers/dhlint/divide_order_weight","1"
"681","default","0","carriers/dhlint/unit_of_measure","K"
"682","default","0","carriers/dhlint/size","0"
"683","default","0","carriers/dhlint/doc_methods","2,5,6,7,9,B,C,D,U,K,L,G,W,I,N,O,R,S,T,X"
"684","default","0","carriers/dhlint/ready_time",NULL
"685","default","0","carriers/dhlint/specificerrmsg","This shipping method is currently unavailable. If you would like to ship using this shipping method, please contact us."
"686","default","0","carriers/dhlint/free_method_doc",NULL
"687","default","0","carriers/dhlint/free_shipping_enable","0"
"688","default","0","carriers/dhlint/free_shipping_subtotal",NULL
"689","default","0","carriers/dhlint/sallowspecific","0"
"690","default","0","carriers/dhlint/specificcountry",NULL
"691","default","0","carriers/dhlint/showmethod","0"
"692","default","0","carriers/dhlint/debug","0"
"693","default","0","carriers/dhlint/sort_order",NULL
"694","stores","2","dev/restrict/allow_ips",NULL
"699","websites","2","dev/debug/template_hints","0"
"700","websites","2","dev/debug/template_hints_blocks","0"
